branch_id,mean_z,min_z,max_z,branch_type
0,151.5,151,152,trachea
1,170.5,152,189,trachea
2,178.5,176,181,trachea
3,189.0,179,199,bronchi
4,186.3,182,190,trachea
5,188.1578947368421,186,191,trachea
6,188.5,187,190,trachea
7,192.5,189,196,bronchi
8,198.42105263157896,190,206,bronchi
9,205.11111111111111,193,218,bronchi
10,195.27272727272728,194,197,bronchi
11,197.0,195,199,bronchi
12,206.5,195,218,bronchi
13,200.23076923076923,196,206,bronchi
14,210.5,199,222,bronchi
15,214.27777777777777,206,222,bronchi
16,217.8,209,227,bronchi
17,214.5,209,220,bronchi
18,217.77777777777777,215,221,bronchi
19,218.8,218,220,bronchi
20,227.0,218,236,bronchi
21,220.6,220,221,bronchi
22,221.5,220,222,bronchi
23,227.66666666666666,220,236,bronchi
24,222.0,221,223,bronchi
25,224.77777777777777,221,228,bronchi
26,225.5,222,229,bronchi
27,228.0,227,229,bronchi
28,229.44444444444446,227,233,bronchi
29,233.04545454545453,229,239,bronchi
30,229.36363636363637,229,231,bronchi
31,234.0,229,239,bronchi
32,233.26666666666668,231,235,bronchi
33,232.7,231,234,bronchi
34,248.3409090909091,232,266,bronchi
35,244.27777777777777,236,251,bronchi
36,255.0,239,271,bronchi
37,249.375,246,252,bronchi
38,256.7142857142857,251,263,bronchi
39,251.3125,250,252,bronchi
40,255.54545454545453,252,258,bronchi
41,256.75,256,258,bronchi
42,265.37931034482756,259,271,bronchi
43,279.6521739130435,263,308,bronchi
44,265.1,263,266,bronchi
45,267.5,266,269,bronchi
46,270.0625,268,272,bronchi
47,279.0,269,289,bronchi
48,270.0,270,270,bronchi
49,270.5,270,271,bronchi
50,272.0,270,274,bronchi
51,270.0,270,270,bronchi
52,270.5,270,271,bronchi
53,270.0,270,270,bronchi
54,272.1666666666667,270,274,bronchi
55,270.3333333333333,270,271,bronchi
56,270.5,270,271,bronchi
57,271.6,271,272,bronchi
58,276.8235294117647,271,283,bronchi
59,271.0,271,271,bronchi
60,272.2857142857143,271,274,bronchi
61,272.6,271,274,bronchi
62,271.5,271,272,bronchi
63,272.5,271,274,bronchi
64,288.22727272727275,271,308,bronchi
65,271.3333333333333,271,272,bronchi
66,271.5,271,272,bronchi
67,272.25,272,273,bronchi
68,273.2,272,274,bronchi
69,273.46153846153845,272,275,bronchi
70,272.75,272,274,bronchi
71,273.0,272,274,bronchi
72,274.0,274,274,bronchi
73,274.5,274,275,bronchi
74,280.3333333333333,275,287,bronchi
75,275.0,275,275,bronchi
76,282.0,282,282,bronchi
77,285.625,282,290,bronchi
78,285.5,283,288,bronchi
79,287.85714285714283,284,293,bronchi
80,291.72727272727275,287,296,bronchi
81,292.0,287,297,bronchi
82,293.09090909090907,289,298,bronchi
83,308.5,289,328,bronchi
84,290.5,290,291,bronchi
85,290.0,290,290,bronchi
86,295.0,290,300,bronchi
87,293.2352941176471,292,296,bronchi
88,296.3333333333333,293,299,bronchi
89,296.0,296,296,bronchi
90,297.0769230769231,296,298,bronchi
91,300.5,296,305,bronchi
92,298.53333333333336,297,299,bronchi
93,302.5,297,308,bronchi
94,299.90909090909093,298,302,bronchi
95,301.5,298,305,bronchi
96,308.5,305,312,bronchi
97,313.0,305,321,bronchi
98,343.5,308,379,bronchi
99,308.3333333333333,308,309,bronchi
100,310.0,308,312,bronchi
101,314.0,311,317,bronchi
102,312.0,312,312,bronchi
103,317.5,316,319,bronchi
104,383.2608695652174,378,388,bronchi
105,380.0,379,381,bronchi
106,382.5,381,384,bronchi
107,385.6666666666667,381,389,bronchi
108,382.125,381,384,bronchi
109,384.0,384,384,bronchi
110,386.5,384,389,bronchi
111,388.5,388,389,bronchi
112,390.0,389,391,bronchi
113,391.3333333333333,391,392,bronchi
114,392.0,391,393,bronchi
115,391.375,391,392,bronchi
116,396.05555555555554,392,400,bronchi
117,392.0,391,393,bronchi
118,393.5,393,394,bronchi
119,394.75,394,396,bronchi
120,397.77777777777777,394,399,bronchi
121,397.0,396,398,bronchi
122,396.5,396,397,bronchi
123,396.0,396,396,bronchi
124,396.0,396,396,bronchi
125,396.5,396,397,bronchi
126,397.0,397,397,bronchi
127,397.6666666666667,397,398,bronchi
128,397.5,397,398,bronchi
129,397.75,397,398,bronchi
130,397.0,397,397,bronchi
131,397.0,397,397,bronchi
132,397.5,397,398,bronchi
133,397.5,397,398,bronchi
134,397.0,397,397,bronchi
135,397.0,397,397,bronchi
136,397.6666666666667,397,398,bronchi
137,397.5,397,398,bronchi
138,397.2,397,398,bronchi
139,398.0,398,398,bronchi
140,398.5,398,399,bronchi
141,398.3333333333333,398,399,bronchi
142,398.0,398,398,bronchi
143,398.0,398,398,bronchi
144,398.6666666666667,398,399,bronchi
145,399.4,398,400,bronchi
146,398.3333333333333,398,399,bronchi
147,399.0,398,400,bronchi
148,398.0,398,398,bronchi
149,398.5,398,399,bronchi
150,398.3333333333333,398,399,bronchi
151,398.0,398,398,bronchi
152,399.0,398,400,bronchi
153,398.0,398,398,bronchi
154,399.0,398,400,bronchi
155,398.5,398,399,bronchi
156,398.5,398,400,bronchi
157,398.5,398,399,bronchi
158,398.3333333333333,398,399,bronchi
159,399.0,398,400,bronchi
160,398.0,398,398,bronchi
161,398.5,398,399,bronchi
162,398.0,398,398,bronchi
163,398.5,398,399,bronchi
164,400.2857142857143,399,401,bronchi
165,399.0,399,399,bronchi
166,399.0,399,399,bronchi
167,399.5,399,400,bronchi
168,399.0,399,399,bronchi
169,399.3333333333333,399,400,bronchi
170,400.0,399,401,bronchi
171,399.0,399,399,bronchi
172,400.0,399,401,bronchi
173,399.5,399,400,bronchi
174,399.5,399,400,bronchi
175,399.5,399,400,bronchi
176,401.0,399,404,bronchi
177,399.75,399,402,bronchi
178,399.5,399,400,bronchi
179,400.5,400,401,bronchi
180,399.6,399,400,bronchi
181,400.3333333333333,400,401,bronchi
182,400.0,400,400,bronchi
183,400.0,400,400,bronchi
184,400.0,400,400,bronchi
185,400.5,400,401,bronchi
186,400.3333333333333,400,401,bronchi
187,401.0,400,402,bronchi
188,400.3333333333333,400,401,bronchi
189,401.0,400,402,bronchi
190,401.2,400,403,bronchi
191,400.0,400,400,bronchi
192,400.5,400,401,bronchi
193,400.0,400,400,bronchi
194,400.6666666666667,400,401,bronchi
195,400.5,400,401,bronchi
196,400.0,400,400,bronchi
197,400.5,400,401,bronchi
198,402.14285714285717,400,405,bronchi
199,401.0,400,402,bronchi
200,402.2,401,404,bronchi
201,401.0,401,401,bronchi
202,401.6666666666667,401,402,bronchi
203,401.0,401,401,bronchi
204,401.0,401,401,bronchi
205,401.0,401,401,bronchi
206,401.0,401,401,bronchi
207,401.3333333333333,401,402,bronchi
208,401.3333333333333,401,402,bronchi
209,401.6,401,402,bronchi
210,403.0,401,404,bronchi
211,401.0,401,401,bronchi
212,401.3333333333333,401,402,bronchi
213,401.0,401,401,bronchi
214,402.25,401,403,bronchi
215,401.0,401,401,bronchi
216,401.75,401,403,bronchi
217,401.0,401,401,bronchi
218,403.45454545454544,401,406,bronchi
219,402.0,401,403,bronchi
220,401.0,401,401,bronchi
221,401.0,401,401,bronchi
222,402.57142857142856,401,405,bronchi
223,402.25,401,403,bronchi
224,401.0,401,401,bronchi
225,401.5,401,402,bronchi
226,401.0,401,401,bronchi
227,401.6666666666667,401,402,bronchi
228,401.3333333333333,401,402,bronchi
229,402.3333333333333,402,403,bronchi
230,402.0,402,402,bronchi
231,402.5,402,403,bronchi
232,402.0,402,402,bronchi
233,402.4,402,403,bronchi
234,402.5,402,403,bronchi
235,402.5,402,403,bronchi
236,402.25,402,403,bronchi
237,402.5,402,403,bronchi
238,402.0,402,402,bronchi
239,403.2,402,405,bronchi
240,402.5,402,403,bronchi
241,402.0,402,402,bronchi
242,402.5,402,403,bronchi
243,402.0,402,402,bronchi
244,402.5,402,403,bronchi
245,402.0,402,402,bronchi
246,402.0,402,402,bronchi
247,403.5,402,405,bronchi
248,402.0,402,402,bronchi
249,402.5,402,403,bronchi
250,402.0,402,402,bronchi
251,402.3333333333333,402,403,bronchi
252,402.5,402,403,bronchi
253,402.6,402,403,bronchi
254,402.6,402,403,bronchi
255,402.0,402,402,bronchi
256,402.0,402,402,bronchi
257,402.5,402,403,bronchi
258,402.0,402,402,bronchi
259,402.5,402,403,bronchi
260,402.0,402,402,bronchi
261,402.5,402,403,bronchi
262,402.75,402,404,bronchi
263,403.0,402,404,bronchi
264,402.3333333333333,402,403,bronchi
265,403.0,402,404,bronchi
266,403.14285714285717,402,405,bronchi
267,404.7142857142857,402,407,bronchi
268,403.0,403,403,bronchi
269,403.0,403,403,bronchi
270,403.5,403,404,bronchi
271,404.0,403,405,bronchi
272,403.0,403,403,bronchi
273,403.5,403,404,bronchi
274,403.6666666666667,403,404,bronchi
275,403.0,403,403,bronchi
276,403.0,403,403,bronchi
277,403.5,403,404,bronchi
278,403.3333333333333,403,404,bronchi
279,403.5,403,404,bronchi
280,403.0,403,403,bronchi
281,405.0,403,407,bronchi
282,404.2,403,406,bronchi
283,404.5,403,406,bronchi
284,404.2,403,406,bronchi
285,404.25,403,405,bronchi
286,403.0,403,403,bronchi
287,403.0,403,403,bronchi
288,404.0,403,405,bronchi
289,403.0,403,403,bronchi
290,403.5,403,404,bronchi
291,403.0,403,403,bronchi
292,403.6666666666667,403,404,bronchi
293,403.0,403,403,bronchi
294,404.0,403,405,bronchi
295,403.5,403,404,bronchi
296,405.375,403,407,bronchi
297,404.0,403,405,bronchi
298,404.25,403,405,bronchi
299,403.5,403,404,bronchi
300,403.75,403,405,bronchi
301,403.5,403,404,bronchi
302,403.0,403,403,bronchi
303,403.5,403,404,bronchi
304,403.0,403,403,bronchi
305,404.0,403,405,bronchi
306,403.0,403,403,bronchi
307,403.5,403,404,bronchi
308,403.0,403,403,bronchi
309,403.0,403,403,bronchi
310,403.6666666666667,403,404,bronchi
311,403.3333333333333,403,404,bronchi
312,403.0,403,403,bronchi
313,403.5,403,404,bronchi
314,403.5,403,404,bronchi
315,403.3333333333333,403,404,bronchi
316,404.0,403,405,bronchi
317,404.0,404,404,bronchi
318,404.5,404,405,bronchi
319,404.0,404,404,bronchi
320,404.5,404,405,bronchi
321,404.0,404,404,bronchi
322,404.5,404,405,bronchi
323,404.0,404,404,bronchi
324,404.5,404,405,bronchi
325,404.0,404,404,bronchi
326,404.3333333333333,404,405,bronchi
327,404.5,404,405,bronchi
328,404.0,404,404,bronchi
329,404.5,404,405,bronchi
330,404.75,404,406,bronchi
331,404.5,404,405,bronchi
332,404.0,404,404,bronchi
333,405.0,404,406,bronchi
334,405.2,404,407,bronchi
335,404.5,404,405,bronchi
336,404.0,404,404,bronchi
337,404.0,404,404,bronchi
338,404.0,404,404,bronchi
339,404.0,404,404,bronchi
340,404.0,404,404,bronchi
341,404.0,404,404,bronchi
342,404.0,404,404,bronchi
343,404.0,404,404,bronchi
344,404.5,404,405,bronchi
345,404.3333333333333,404,405,bronchi
346,404.0,404,404,bronchi
347,404.0,404,404,bronchi
348,404.6666666666667,404,405,bronchi
349,404.0,404,404,bronchi
350,405.0,404,406,bronchi
351,404.0,404,404,bronchi
352,405.0,405,405,bronchi
353,405.5,405,406,bronchi
354,405.0,405,405,bronchi
355,405.0,405,405,bronchi
356,405.3333333333333,405,406,bronchi
357,406.0,405,407,bronchi
358,405.0,405,405,bronchi
359,406.0,405,407,bronchi
360,405.0,405,405,bronchi
361,406.0,405,407,bronchi
362,405.0,405,405,bronchi
363,406.0,405,407,bronchi
364,405.75,405,406,bronchi
365,405.3333333333333,405,406,bronchi
366,405.0,405,405,bronchi
367,406.0,405,407,bronchi
368,406.0,405,407,bronchi
369,405.0,405,405,bronchi
370,406.0,405,407,bronchi
371,405.3333333333333,405,406,bronchi
372,405.0,405,405,bronchi
373,405.0,405,405,bronchi
374,405.6666666666667,405,406,bronchi
375,405.0,405,405,bronchi
376,405.0,405,405,bronchi
377,405.5,405,406,bronchi
378,406.0,405,407,bronchi
379,405.0,405,405,bronchi
380,405.0,405,405,bronchi
381,405.0,405,405,bronchi
382,405.0,405,405,bronchi
383,405.0,405,405,bronchi
384,405.5,405,406,bronchi
385,405.0,405,405,bronchi
386,405.0,405,405,bronchi
387,405.5,405,406,bronchi
388,405.0,405,405,bronchi
389,405.5,405,406,bronchi
390,405.0,405,405,bronchi
391,405.5,405,406,bronchi
392,406.0,405,407,bronchi
393,405.0,405,405,bronchi
394,405.5,405,406,bronchi
395,405.5,405,406,bronchi
396,405.0,405,405,bronchi
397,405.6,405,406,bronchi
398,405.0,405,405,bronchi
399,405.5,405,406,bronchi
400,405.3333333333333,405,406,bronchi
401,406.0,406,406,bronchi
402,406.0,406,406,bronchi
403,410.5,406,415,bronchi
404,406.0,406,406,bronchi
405,406.0,406,406,bronchi
406,407.2,406,409,bronchi
407,407.0,406,408,bronchi
408,406.75,406,407,bronchi
409,407.0,406,408,bronchi
410,406.6666666666667,406,407,bronchi
411,406.0,406,406,bronchi
412,406.0,406,406,bronchi
413,406.5,406,407,bronchi
414,406.5,406,407,bronchi
415,406.5,406,407,bronchi
416,406.5,406,407,bronchi
417,406.0,406,406,bronchi
418,406.5,406,407,bronchi
419,406.5,406,407,bronchi
420,406.5,406,408,bronchi
421,406.5,406,407,bronchi
422,406.3333333333333,406,407,bronchi
423,406.0,406,406,bronchi
424,406.0,405,407,bronchi
425,407.6666666666667,406,410,bronchi
426,406.5,406,407,bronchi
427,406.0,406,406,bronchi
428,406.6666666666667,406,407,bronchi
429,406.6666666666667,405,408,bronchi
430,406.0,406,406,bronchi
431,406.5,406,407,bronchi
432,406.0,406,406,bronchi
433,407.0,406,408,bronchi
434,407.6666666666667,406,410,bronchi
435,408.0,406,410,bronchi
436,407.0,407,407,bronchi
437,407.5,407,408,bronchi
438,407.0,407,407,bronchi
439,407.6,407,408,bronchi
440,408.0,407,409,bronchi
441,407.6666666666667,407,408,bronchi
442,407.0,407,407,bronchi
443,407.5,407,408,bronchi
444,407.0,407,407,bronchi
445,407.3333333333333,407,408,bronchi
446,407.5,407,408,bronchi
447,407.3333333333333,407,408,bronchi
448,408.4,407,410,bronchi
449,407.0,407,407,bronchi
450,407.0,407,407,bronchi
451,408.25,407,409,bronchi
452,407.5,407,408,bronchi
453,408.85714285714283,407,411,bronchi
454,408.0,407,409,bronchi
455,407.0,407,407,bronchi
456,407.5,407,408,bronchi
457,407.3333333333333,407,408,bronchi
458,408.0,407,409,bronchi
459,407.75,407,409,bronchi
460,408.5,407,410,bronchi
461,406.8,406,408,bronchi
462,408.0,407,409,bronchi
463,408.57142857142856,407,411,bronchi
464,408.0,408,408,bronchi
465,408.0,408,408,bronchi
466,408.6666666666667,408,409,bronchi
467,408.0,408,408,bronchi
468,408.6,408,410,bronchi
469,408.0,408,408,bronchi
470,409.25,408,410,bronchi
471,408.0,408,408,bronchi
472,408.5,408,409,bronchi
473,408.0,408,408,bronchi
474,408.5,408,409,bronchi
475,408.0,408,408,bronchi
476,409.2,408,411,bronchi
477,408.0,408,408,bronchi
478,409.5,408,411,bronchi
479,408.3333333333333,408,409,bronchi
480,408.0,408,408,bronchi
481,408.5,408,409,bronchi
482,408.3333333333333,408,409,bronchi
483,408.5,408,409,bronchi
484,408.0,408,408,bronchi
485,409.0,408,410,bronchi
486,408.5,408,409,bronchi
487,408.0,408,408,bronchi
488,408.0,408,408,bronchi
489,408.0,408,408,bronchi
490,408.0,408,408,bronchi
491,408.0,408,408,bronchi
492,408.0,408,408,bronchi
493,408.0,408,408,bronchi
494,409.25,408,410,bronchi
495,408.8,408,410,bronchi
496,408.5,408,409,bronchi
497,408.0,408,408,bronchi
498,409.0,408,410,bronchi
499,407.85714285714283,407,409,bronchi
500,409.4,408,410,bronchi
501,408.5,408,409,bronchi
502,408.5,408,409,bronchi
503,408.5,408,409,bronchi
504,409.0,408,410,bronchi
505,409.0,408,410,bronchi
506,408.0,408,408,bronchi
507,409.25,408,410,bronchi
508,408.3333333333333,408,409,bronchi
509,409.0,408,410,bronchi
510,408.6666666666667,408,409,bronchi
511,409.5,409,410,bronchi
512,409.0,409,409,bronchi
513,409.5,409,410,bronchi
514,409.0,409,409,bronchi
515,411.61538461538464,409,413,bronchi
516,409.0,409,409,bronchi
517,409.6,409,410,bronchi
518,410.1666666666667,409,411,bronchi
519,409.5,409,410,bronchi
520,409.5,409,410,bronchi
521,410.0,409,411,bronchi
522,409.5,409,410,bronchi
523,409.0,409,409,bronchi
524,409.5,409,410,bronchi
525,409.0,409,409,bronchi
526,409.5,409,410,bronchi
527,409.5,409,410,bronchi
528,409.3333333333333,409,410,bronchi
529,409.6666666666667,409,410,bronchi
530,409.3333333333333,409,410,bronchi
531,409.5,409,410,bronchi
532,409.5,409,410,bronchi
533,410.0,410,410,bronchi
534,411.5,410,413,bronchi
535,412.57142857142856,410,414,bronchi
536,410.5,410,411,bronchi
537,410.0,410,410,bronchi
538,411.5,410,413,bronchi
539,410.0,410,410,bronchi
540,410.0,410,410,bronchi
541,410.75,410,412,bronchi
542,410.0,410,410,bronchi
543,410.5,410,411,bronchi
544,410.3333333333333,410,411,bronchi
545,410.0,410,410,bronchi
546,411.0,410,412,bronchi
547,410.6,410,411,bronchi
548,410.5,410,411,bronchi
549,410.0,410,410,bronchi
550,410.5,410,411,bronchi
551,410.0,410,410,bronchi
552,410.0,410,410,bronchi
553,410.0,410,410,bronchi
554,410.0,410,410,bronchi
555,410.0,410,410,bronchi
556,410.0,410,410,bronchi
557,410.5,410,411,bronchi
558,410.0,410,410,bronchi
559,410.5,410,411,bronchi
560,410.5,410,411,bronchi
561,410.5,410,411,bronchi
562,411.5,410,412,bronchi
563,411.0,411,411,bronchi
564,412.5,411,414,bronchi
565,411.0,411,411,bronchi
566,411.5,411,412,bronchi
567,411.0,411,411,bronchi
568,411.5,411,412,bronchi
569,411.5,411,412,bronchi
570,411.0,411,411,bronchi
571,411.5,411,412,bronchi
572,411.0,411,411,bronchi
573,411.0,411,411,bronchi
574,411.0,411,411,bronchi
575,411.5,411,412,bronchi
576,411.0,411,411,bronchi
577,411.5,411,412,bronchi
578,411.5,411,412,bronchi
579,411.5,411,412,bronchi
580,411.0,411,411,bronchi
581,411.5,411,412,bronchi
582,411.75,411,413,bronchi
583,411.0,411,411,bronchi
584,411.5,411,412,bronchi
585,411.5,411,412,bronchi
586,411.0,411,411,bronchi
587,411.0,411,411,bronchi
588,411.5,411,412,bronchi
589,411.3333333333333,411,412,bronchi
590,411.0,411,411,bronchi
591,411.0,411,411,bronchi
592,411.75,411,413,bronchi
593,411.0,411,411,bronchi
594,411.5,411,412,bronchi
595,411.0,411,411,bronchi
596,412.5,411,414,bronchi
597,411.0,411,411,bronchi
598,411.0,411,411,bronchi
599,411.5,411,412,bronchi
600,411.0,411,411,bronchi
601,411.0,411,411,bronchi
602,412.0,411,413,bronchi
603,411.0,411,411,bronchi
604,411.0,411,411,bronchi
605,412.0,411,413,bronchi
606,411.0,411,411,bronchi
607,413.22222222222223,411,415,bronchi
608,412.25,411,413,bronchi
609,412.0,412,412,bronchi
610,412.6666666666667,412,413,bronchi
611,412.0,412,412,bronchi
612,412.0,412,412,bronchi
613,412.0,412,412,bronchi
614,412.0,412,412,bronchi
615,412.25,412,413,bronchi
616,412.0,412,412,bronchi
617,412.0,412,412,bronchi
618,412.25,412,413,bronchi
619,412.5,412,413,bronchi
620,412.3333333333333,412,413,bronchi
621,412.0,412,412,bronchi
622,413.0,412,414,bronchi
623,412.5,412,413,bronchi
624,412.0,412,412,bronchi
625,413.0,412,414,bronchi
626,412.0,412,412,bronchi
627,413.0,412,414,bronchi
628,412.0,412,412,bronchi
629,412.5,412,413,bronchi
630,412.0,412,412,bronchi
631,412.5,412,413,bronchi
632,412.0,412,412,bronchi
633,412.5,412,413,bronchi
634,412.5,412,413,bronchi
635,412.5,412,413,bronchi
636,412.5,412,413,bronchi
637,413.75,413,415,bronchi
638,414.0,413,415,bronchi
639,413.25,413,414,bronchi
640,413.0,413,413,bronchi
641,413.0,413,413,bronchi
642,414.25,413,415,bronchi
643,413.3333333333333,413,414,bronchi
644,413.5,413,414,bronchi
645,413.0,413,413,bronchi
646,415.0,413,417,bronchi
647,413.0,413,413,bronchi
648,413.75,413,415,bronchi
649,413.5,413,414,bronchi
650,413.0,413,413,bronchi
651,413.5,413,414,bronchi
652,415.54545454545456,413,418,bronchi
653,413.0,413,413,bronchi
654,413.5,413,414,bronchi
655,413.0,413,413,bronchi
656,413.5,413,414,bronchi
657,413.0,413,413,bronchi
658,413.5,413,414,bronchi
659,413.0,413,413,bronchi
660,413.5,413,414,bronchi
661,413.0,413,413,bronchi
662,413.5,413,414,bronchi
663,413.5,413,414,bronchi
664,413.0,413,413,bronchi
665,413.0,413,413,bronchi
666,413.3333333333333,413,414,bronchi
667,413.5,413,414,bronchi
668,413.0,413,413,bronchi
669,413.0,413,413,bronchi
670,413.5,413,414,bronchi
671,413.0,413,413,bronchi
672,413.0,413,413,bronchi
673,413.0,413,413,bronchi
674,413.5,413,414,bronchi
675,413.0,413,413,bronchi
676,413.5,413,414,bronchi
677,413.0,413,413,bronchi
678,414.0,413,415,bronchi
679,414.5,413,416,bronchi
680,413.0,413,413,bronchi
681,413.5,413,414,bronchi
682,414.0,413,415,bronchi
683,414.0,414,414,bronchi
684,414.5,414,415,bronchi
685,414.0,414,414,bronchi
686,414.5,414,415,bronchi
687,414.0,414,414,bronchi
688,414.0,414,414,bronchi
689,414.3333333333333,414,415,bronchi
690,414.5,414,415,bronchi
691,415.0,414,416,bronchi
692,414.5,414,415,bronchi
693,414.0,414,414,bronchi
694,415.5,414,417,bronchi
695,415.875,414,418,bronchi
696,414.5,414,415,bronchi
697,414.0,414,414,bronchi
698,414.0,414,414,bronchi
699,414.0,414,414,bronchi
700,414.0,414,414,bronchi
701,416.0,414,418,bronchi
702,414.0,414,414,bronchi
703,415.14285714285717,414,417,bronchi
704,415.25,414,416,bronchi
705,414.0,414,414,bronchi
706,414.0,414,414,bronchi
707,416.46153846153845,414,419,bronchi
708,414.0,414,414,bronchi
709,414.0,414,414,bronchi
710,414.0,414,414,bronchi
711,414.0,414,414,bronchi
712,414.0,414,414,bronchi
713,414.0,414,414,bronchi
714,414.0,414,414,bronchi
715,414.5,414,415,bronchi
716,414.75,414,416,bronchi
717,414.5,414,415,bronchi
718,414.3333333333333,414,415,bronchi
719,414.5,414,415,bronchi
720,414.0,414,414,bronchi
721,414.5,414,415,bronchi
722,414.0,414,414,bronchi
723,415.5,414,417,bronchi
724,414.0,414,414,bronchi
725,414.0,414,414,bronchi
726,414.0,414,414,bronchi
727,414.3333333333333,414,415,bronchi
728,415.2857142857143,414,416,bronchi
729,413.5,412,415,bronchi
730,417.0,415,419,bronchi
731,416.0,415,417,bronchi
732,415.5,415,416,bronchi
733,415.5,415,416,bronchi
734,415.5,415,416,bronchi
735,415.25,415,416,bronchi
736,415.5,415,416,bronchi
737,415.5,415,416,bronchi
738,415.5,415,416,bronchi
739,415.5,415,416,bronchi
740,415.0,415,415,bronchi
741,415.5,415,416,bronchi
742,415.5,415,416,bronchi
743,418.5833333333333,415,421,bronchi
744,415.5,415,416,bronchi
745,415.0,415,415,bronchi
746,415.5,415,416,bronchi
747,415.0,415,415,bronchi
748,415.85714285714283,415,418,bronchi
749,415.0,415,415,bronchi
750,415.0,415,415,bronchi
751,415.0,415,415,bronchi
752,415.3333333333333,415,416,bronchi
753,415.5,415,416,bronchi
754,415.0,415,415,bronchi
755,415.5,415,416,bronchi
756,415.0,415,415,bronchi
757,417.5,415,420,bronchi
758,415.0,415,415,bronchi
759,418.375,415,421,bronchi
760,415.3333333333333,415,416,bronchi
761,415.5,415,416,bronchi
762,415.0,415,415,bronchi
763,415.6666666666667,415,416,bronchi
764,415.0,415,415,bronchi
765,416.0,415,417,bronchi
766,416.5,415,418,bronchi
767,415.3333333333333,415,416,bronchi
768,415.0,415,415,bronchi
769,416.0,415,417,bronchi
770,415.0,415,415,bronchi
771,416.0,415,417,bronchi
772,415.75,415,417,bronchi
773,416.5,415,418,bronchi
774,417.4,416,418,bronchi
775,416.6666666666667,416,417,bronchi
776,417.875,416,421,bronchi
777,416.5,416,417,bronchi
778,416.0,416,416,bronchi
779,417.0,416,418,bronchi
780,417.0,416,418,bronchi
781,416.0,416,416,bronchi
782,416.5,416,417,bronchi
783,416.0,416,416,bronchi
784,416.6666666666667,416,417,bronchi
785,416.0,416,416,bronchi
786,416.6666666666667,416,417,bronchi
787,416.0,416,416,bronchi
788,416.5,416,417,bronchi
789,415.75,415,417,bronchi
790,416.0,416,416,bronchi
791,416.6,416,417,bronchi
792,416.5,416,417,bronchi
793,416.0,416,416,bronchi
794,417.0,416,418,bronchi
795,416.5,416,417,bronchi
796,416.5,416,417,bronchi
797,416.0,416,416,bronchi
798,417.0,416,418,bronchi
799,416.5,416,417,bronchi
800,416.0,416,416,bronchi
801,416.3333333333333,416,417,bronchi
802,416.5,416,417,bronchi
803,419.2,416,423,bronchi
804,416.0,416,416,bronchi
805,417.5,416,419,bronchi
806,416.3333333333333,416,417,bronchi
807,416.5,416,417,bronchi
808,416.0,416,416,bronchi
809,416.5,416,417,bronchi
810,416.75,416,418,bronchi
811,416.0,416,416,bronchi
812,417.5,416,419,bronchi
813,416.0,416,416,bronchi
814,418.85714285714283,416,421,bronchi
815,418.5,416,421,bronchi
816,416.6,416,417,bronchi
817,416.5,416,417,bronchi
818,416.5,416,417,bronchi
819,416.0,416,416,bronchi
820,417.0,416,418,bronchi
821,417.0,417,417,bronchi
822,418.25,417,419,bronchi
823,417.0,417,417,bronchi
824,418.0,417,419,bronchi
825,419.0,417,421,bronchi
826,417.3333333333333,417,418,bronchi
827,417.5,417,418,bronchi
828,417.0,417,417,bronchi
829,417.0,417,417,bronchi
830,418.5,417,420,bronchi
831,417.75,417,419,bronchi
832,418.0,417,419,bronchi
833,417.75,417,419,bronchi
834,418.0,417,419,bronchi
835,417.75,417,419,bronchi
836,418.0,417,419,bronchi
837,417.75,417,419,bronchi
838,417.5,417,418,bronchi
839,417.3333333333333,417,418,bronchi
840,417.5,417,418,bronchi
841,417.0,417,417,bronchi
842,417.0,417,417,bronchi
843,417.0,417,417,bronchi
844,417.0,417,417,bronchi
845,417.5,417,418,bronchi
846,417.0,417,417,bronchi
847,417.1666666666667,416,419,bronchi
848,418.0,417,419,bronchi
849,417.3333333333333,417,418,bronchi
850,417.6666666666667,417,418,bronchi
851,417.75,417,419,bronchi
852,419.0,417,421,bronchi
853,419.0,417,420,bronchi
854,418.25,417,419,bronchi
855,417.0,417,417,bronchi
856,418.25,417,419,bronchi
857,417.0,417,417,bronchi
858,417.5,417,418,bronchi
859,417.3333333333333,417,418,bronchi
860,417.0,417,417,bronchi
861,418.0,418,418,bronchi
862,418.0,418,418,bronchi
863,418.0,418,418,bronchi
864,418.5,418,419,bronchi
865,418.3333333333333,418,419,bronchi
866,418.5,418,419,bronchi
867,418.0,418,418,bronchi
868,418.5,418,419,bronchi
869,418.3333333333333,418,419,bronchi
870,418.5,418,419,bronchi
871,418.75,418,420,bronchi
872,418.6666666666667,418,419,bronchi
873,418.5,418,419,bronchi
874,418.3333333333333,418,419,bronchi
875,418.0,418,418,bronchi
876,418.0,418,418,bronchi
877,418.3333333333333,418,419,bronchi
878,418.3333333333333,418,419,bronchi
879,418.0,418,418,bronchi
880,418.5,418,419,bronchi
881,418.0,418,418,bronchi
882,419.0,418,420,bronchi
883,419.25,418,420,bronchi
884,419.25,418,420,bronchi
885,418.0,418,418,bronchi
886,418.5,418,419,bronchi
887,419.0,419,419,bronchi
888,419.6666666666667,419,420,bronchi
889,420.5,419,422,bronchi
890,420.6666666666667,419,424,bronchi
891,419.0,419,419,bronchi
892,419.75,419,421,bronchi
893,419.0,419,419,bronchi
894,419.5,419,420,bronchi
895,419.0,419,419,bronchi
896,420.0,419,421,bronchi
897,419.0,419,419,bronchi
898,419.5,419,420,bronchi
899,419.75,419,421,bronchi
900,419.0,419,419,bronchi
901,419.3333333333333,419,420,bronchi
902,419.5,419,420,bronchi
903,419.0,418,420,bronchi
904,419.5,419,420,bronchi
905,419.0,419,419,bronchi
906,419.5,419,420,bronchi
907,419.0,419,419,bronchi
908,419.8,419,420,bronchi
909,419.0,419,419,bronchi
910,419.0,419,419,bronchi
911,419.0,419,419,bronchi
912,419.0,419,419,bronchi
913,419.3333333333333,419,420,bronchi
914,419.0,419,419,bronchi
915,420.0,419,421,bronchi
916,419.5,419,420,bronchi
917,419.6666666666667,419,420,bronchi
918,419.0,419,419,bronchi
919,419.0,419,419,bronchi
920,420.0,419,421,bronchi
921,419.0,419,419,bronchi
922,419.0,419,419,bronchi
923,419.5,419,420,bronchi
924,419.0,419,419,bronchi
925,419.8333333333333,419,420,bronchi
926,420.25,419,421,bronchi
927,419.0,419,419,bronchi
928,419.3333333333333,419,420,bronchi
929,419.0,419,419,bronchi
930,419.5,419,420,bronchi
931,419.5,419,420,bronchi
932,419.0,419,419,bronchi
933,419.3333333333333,419,420,bronchi
934,419.5,419,420,bronchi
935,419.0,419,419,bronchi
936,419.0,419,419,bronchi
937,419.5,419,420,bronchi
938,420.0,420,420,bronchi
939,420.5,420,421,bronchi
940,420.0,420,420,bronchi
941,420.5,420,421,bronchi
942,420.0,420,420,bronchi
943,420.0,420,420,bronchi
944,420.0,420,420,bronchi
945,421.8888888888889,420,423,bronchi
946,420.1666666666667,420,421,bronchi
947,420.0,420,420,bronchi
948,420.0,420,420,bronchi
949,420.5,420,421,bronchi
950,420.6666666666667,420,421,bronchi
951,420.0,420,420,bronchi
952,420.6666666666667,420,421,bronchi
953,420.0,420,420,bronchi
954,420.6666666666667,420,421,bronchi
955,420.0,420,420,bronchi
956,420.5,420,421,bronchi
957,420.3333333333333,420,421,bronchi
958,420.0,420,420,bronchi
959,420.3333333333333,420,421,bronchi
960,420.5,420,421,bronchi
961,420.0,420,420,bronchi
962,420.5,420,421,bronchi
963,420.5,420,421,bronchi
964,420.75,420,422,bronchi
965,420.5,420,421,bronchi
966,420.5,420,421,bronchi
967,420.0,420,420,bronchi
968,420.5,420,421,bronchi
969,420.3333333333333,420,421,bronchi
970,420.5,420,421,bronchi
971,421.0,421,421,bronchi
972,421.5,421,422,bronchi
973,421.5,421,422,bronchi
974,421.0,421,421,bronchi
975,424.3,421,428,bronchi
976,421.5,421,422,bronchi
977,421.5,421,422,bronchi
978,421.5,421,422,bronchi
979,422.85714285714283,421,425,bronchi
980,421.5,421,422,bronchi
981,421.5,421,422,bronchi
982,421.6666666666667,421,422,bronchi
983,421.0,421,421,bronchi
984,422.0,421,423,bronchi
985,421.0,421,421,bronchi
986,422.5,421,424,bronchi
987,421.0,421,421,bronchi
988,421.0,421,421,bronchi
989,421.0,421,421,bronchi
990,421.0,421,421,bronchi
991,422.0,421,423,bronchi
992,421.0,421,421,bronchi
993,422.5,421,424,bronchi
994,421.0,421,421,bronchi
995,421.5,421,422,bronchi
996,421.5,421,422,bronchi
997,421.0,421,421,bronchi
998,421.5,421,422,bronchi
999,421.3333333333333,421,422,bronchi
1000,421.5,421,422,bronchi
1001,421.3333333333333,421,422,bronchi
1002,421.5,421,422,bronchi
1003,421.0,421,421,bronchi
1004,422.0,421,423,bronchi
1005,421.5,421,422,bronchi
1006,421.0,421,421,bronchi
1007,422.5,421,424,bronchi
1008,422.2857142857143,421,423,bronchi
1009,422.0,421,423,bronchi
1010,421.0,421,421,bronchi
1011,421.0,421,421,bronchi
1012,421.5,421,422,bronchi
1013,421.0,421,421,bronchi
1014,421.0,421,421,bronchi
1015,421.5,421,422,bronchi
1016,421.0,421,421,bronchi
1017,421.0,421,421,bronchi
1018,421.3333333333333,421,422,bronchi
1019,421.3333333333333,421,422,bronchi
1020,421.0,421,421,bronchi
1021,421.0,421,421,bronchi
1022,421.0,421,421,bronchi
1023,421.0,421,421,bronchi
1024,421.0,421,421,bronchi
1025,421.0,421,421,bronchi
1026,421.0,421,421,bronchi
1027,421.0,421,421,bronchi
1028,421.3333333333333,421,422,bronchi
1029,421.5,421,422,bronchi
1030,421.3333333333333,421,422,bronchi
1031,421.5,421,422,bronchi
1032,422.0,422,422,bronchi
1033,423.0,422,424,bronchi
1034,422.0,422,422,bronchi
1035,422.0,422,422,bronchi
1036,422.6666666666667,422,423,bronchi
1037,422.5,422,423,bronchi
1038,422.0,422,422,bronchi
1039,422.0,422,422,bronchi
1040,422.0,422,422,bronchi
1041,422.0,422,422,bronchi
1042,422.6666666666667,422,423,bronchi
1043,422.5,422,423,bronchi
1044,422.0,422,422,bronchi
1045,422.14285714285717,422,423,bronchi
1046,422.5,422,423,bronchi
1047,422.0,422,422,bronchi
1048,422.0,422,422,bronchi
1049,422.0,422,422,bronchi
1050,422.75,422,424,bronchi
1051,422.6666666666667,422,423,bronchi
1052,422.3333333333333,422,423,bronchi
1053,422.3333333333333,422,423,bronchi
1054,422.3333333333333,422,423,bronchi
1055,422.5,422,423,bronchi
1056,423.0,423,423,bronchi
1057,423.25,423,424,bronchi
1058,423.0,423,423,bronchi
1059,423.0,423,423,bronchi
1060,424.4,423,425,bronchi
1061,423.5,423,424,bronchi
1062,423.3333333333333,423,424,bronchi
1063,423.0,423,423,bronchi
1064,423.0,423,423,bronchi
1065,423.0,423,423,bronchi
1066,424.0,423,425,bronchi
1067,423.0,423,423,bronchi
1068,423.0,423,423,bronchi
1069,423.0,423,423,bronchi
1070,423.0,423,423,bronchi
1071,423.5,423,424,bronchi
1072,424.2,423,426,bronchi
1073,423.0,423,423,bronchi
1074,423.0,423,423,bronchi
1075,423.0,423,423,bronchi
1076,423.75,423,424,bronchi
1077,423.0,423,423,bronchi
1078,424.3076923076923,423,426,bronchi
1079,423.0,423,423,bronchi
1080,423.5,423,424,bronchi
1081,423.5,423,424,bronchi
1082,423.5,423,424,bronchi
1083,423.0,423,423,bronchi
1084,423.6666666666667,423,424,bronchi
1085,423.0,423,423,bronchi
1086,423.0,423,423,bronchi
1087,423.5,423,424,bronchi
1088,422.0,421,423,bronchi
1089,423.0,423,423,bronchi
1090,423.7142857142857,423,424,bronchi
1091,423.25,423,424,bronchi
1092,423.5,423,424,bronchi
1093,423.0,423,423,bronchi
1094,424.0,423,425,bronchi
1095,424.0,424,424,bronchi
1096,426.0,424,428,bronchi
1097,424.0,424,424,bronchi
1098,424.0,424,424,bronchi
1099,424.0,424,424,bronchi
1100,424.0,424,424,bronchi
1101,424.3333333333333,424,425,bronchi
1102,425.5,424,427,bronchi
1103,424.5,424,425,bronchi
1104,424.0,424,424,bronchi
1105,424.6666666666667,424,425,bronchi
1106,425.0,424,426,bronchi
1107,424.5,424,425,bronchi
1108,424.75,424,426,bronchi
1109,424.0,424,424,bronchi
1110,425.0,424,426,bronchi
1111,424.0,424,424,bronchi
1112,424.5,424,425,bronchi
1113,424.75,424,426,bronchi
1114,424.0,424,424,bronchi
1115,424.5,424,425,bronchi
1116,424.0,424,424,bronchi
1117,427.0,424,431,bronchi
1118,424.5,424,425,bronchi
1119,424.4,424,425,bronchi
1120,424.5,424,425,bronchi
1121,424.3333333333333,424,425,bronchi
1122,424.6666666666667,424,425,bronchi
1123,424.3333333333333,424,425,bronchi
1124,424.5,424,425,bronchi
1125,424.0,424,424,bronchi
1126,424.5,424,425,bronchi
1127,424.0,424,424,bronchi
1128,424.0,424,424,bronchi
1129,425.2,424,427,bronchi
1130,424.3333333333333,424,425,bronchi
1131,424.3333333333333,424,425,bronchi
1132,425.0,424,426,bronchi
1133,424.0,424,424,bronchi
1134,424.5,424,425,bronchi
1135,424.3333333333333,424,425,bronchi
1136,425.5,424,427,bronchi
1137,424.0,424,424,bronchi
1138,425.0,424,426,bronchi
1139,425.6666666666667,424,428,bronchi
1140,425.0,424,426,bronchi
1141,424.8,424,426,bronchi
1142,425.0,425,425,bronchi
1143,425.3636363636364,425,426,bronchi
1144,425.0,425,425,bronchi
1145,425.0,425,425,bronchi
1146,425.5,425,426,bronchi
1147,425.0,425,425,bronchi
1148,426.25,425,427,bronchi
1149,425.25,425,426,bronchi
1150,425.5,425,426,bronchi
1151,425.0,425,425,bronchi
1152,426.5,425,428,bronchi
1153,425.3333333333333,425,426,bronchi
1154,425.5,425,426,bronchi
1155,425.3333333333333,425,426,bronchi
1156,426.5,425,428,bronchi
1157,425.3333333333333,425,426,bronchi
1158,426.0,425,427,bronchi
1159,425.0,425,425,bronchi
1160,425.5,425,426,bronchi
1161,426.0,426,426,bronchi
1162,426.0,426,426,bronchi
1163,426.0,426,426,bronchi
1164,426.0,426,426,bronchi
1165,426.3333333333333,426,427,bronchi
1166,426.0,426,426,bronchi
1167,426.0,426,426,bronchi
1168,426.25,426,427,bronchi
1169,426.0,426,426,bronchi
1170,426.5,426,427,bronchi
1171,426.0,426,426,bronchi
1172,426.0,426,426,bronchi
1173,426.0,426,426,bronchi
1174,426.0,426,426,bronchi
1175,426.5,426,427,bronchi
1176,426.0,426,426,bronchi
1177,426.5,426,427,bronchi
1178,426.3333333333333,426,427,bronchi
1179,426.5,426,427,bronchi
1180,427.25,426,428,bronchi
1181,426.5,426,427,bronchi
1182,426.5,426,427,bronchi
1183,426.5,426,427,bronchi
1184,428.0,426,430,bronchi
1185,426.0,426,426,bronchi
1186,426.0,426,426,bronchi
1187,426.0,426,426,bronchi
1188,426.0,426,426,bronchi
1189,426.0,426,426,bronchi
1190,426.0,426,426,bronchi
1191,428.1666666666667,426,430,bronchi
1192,426.0,426,426,bronchi
1193,426.5,426,427,bronchi
1194,426.0,426,426,bronchi
1195,428.3333333333333,426,430,bronchi
1196,427.0,426,428,bronchi
1197,427.0,426,428,bronchi
1198,426.0,426,426,bronchi
1199,428.5,426,431,bronchi
1200,429.0,426,432,bronchi
1201,426.0,426,426,bronchi
1202,426.0,426,426,bronchi
1203,426.75,426,428,bronchi
1204,426.5,426,427,bronchi
1205,426.5,426,427,bronchi
1206,426.75,426,428,bronchi
1207,427.0,426,428,bronchi
1208,427.0,427,427,bronchi
1209,427.5,427,428,bronchi
1210,427.3333333333333,427,428,bronchi
1211,427.5,427,428,bronchi
1212,427.3333333333333,427,428,bronchi
1213,428.0,427,429,bronchi
1214,427.75,427,429,bronchi
1215,427.0,427,427,bronchi
1216,427.5,427,428,bronchi
1217,427.6666666666667,427,428,bronchi
1218,427.5,427,428,bronchi
1219,427.0,427,427,bronchi
1220,427.5,427,428,bronchi
1221,427.0,427,427,bronchi
1222,427.75,427,428,bronchi
1223,427.0,427,427,bronchi
1224,427.8,427,428,bronchi
1225,427.6666666666667,427,428,bronchi
1226,427.3333333333333,427,428,bronchi
1227,427.0,427,427,bronchi
1228,427.0,427,427,bronchi
1229,427.5,427,428,bronchi
1230,427.0,427,427,bronchi
1231,427.5,427,428,bronchi
1232,427.25,427,428,bronchi
1233,427.75,427,428,bronchi
1234,427.3333333333333,427,428,bronchi
1235,427.0,427,427,bronchi
1236,428.5,427,430,bronchi
1237,428.0,428,428,bronchi
1238,428.3333333333333,428,429,bronchi
1239,428.5,428,429,bronchi
1240,428.5,428,429,bronchi
1241,428.0,428,428,bronchi
1242,429.2,428,430,bronchi
1243,428.0,428,428,bronchi
1244,429.0,428,430,bronchi
1245,428.0,428,428,bronchi
1246,428.75,428,429,bronchi
1247,428.0,428,428,bronchi
1248,428.0,428,428,bronchi
1249,428.5,428,429,bronchi
1250,428.5,428,429,bronchi
1251,428.3333333333333,428,429,bronchi
1252,429.0,428,430,bronchi
1253,428.1666666666667,428,429,bronchi
1254,428.0,428,428,bronchi
1255,428.0,428,428,bronchi
1256,429.0,428,431,bronchi
1257,428.0,428,428,bronchi
1258,428.75,428,429,bronchi
1259,428.0,428,428,bronchi
1260,429.0,428,430,bronchi
1261,429.5,428,431,bronchi
1262,429.3333333333333,429,430,bronchi
1263,430.0,429,431,bronchi
1264,429.3333333333333,429,430,bronchi
1265,430.8,429,432,bronchi
1266,429.0,429,429,bronchi
1267,429.6666666666667,429,430,bronchi
1268,429.0,429,429,bronchi
1269,429.0,429,429,bronchi
1270,429.0,429,429,bronchi
1271,429.0,429,429,bronchi
1272,429.25,429,430,bronchi
1273,429.0,429,429,bronchi
1274,429.8333333333333,429,431,bronchi
1275,429.75,429,430,bronchi
1276,429.1666666666667,429,430,bronchi
1277,429.0,429,429,bronchi
1278,429.5,429,430,bronchi
1279,429.0,429,429,bronchi
1280,429.0,429,429,bronchi
1281,429.0,429,429,bronchi
1282,430.2,429,432,bronchi
1283,429.0,429,429,bronchi
1284,429.6666666666667,429,430,bronchi
1285,429.5,429,430,bronchi
1286,429.0,429,429,bronchi
1287,432.6363636363636,429,434,bronchi
1288,429.0,429,429,bronchi
1289,430.0,429,431,bronchi
1290,429.0,429,429,bronchi
1291,429.0,429,429,bronchi
1292,429.0,429,429,bronchi
1293,429.0,429,429,bronchi
1294,429.75,429,431,bronchi
1295,430.0,429,431,bronchi
1296,429.0,429,429,bronchi
1297,429.0,429,429,bronchi
1298,429.0,429,429,bronchi
1299,429.0,429,429,bronchi
1300,430.0,429,431,bronchi
1301,429.75,429,431,bronchi
1302,429.3333333333333,429,430,bronchi
1303,429.0,429,429,bronchi
1304,429.5,429,430,bronchi
1305,429.3333333333333,429,430,bronchi
1306,429.0,429,429,bronchi
1307,430.0,429,431,bronchi
1308,429.0,429,429,bronchi
1309,430.7142857142857,429,432,bronchi
1310,429.5,429,430,bronchi
1311,430.0,429,431,bronchi
1312,429.0,429,429,bronchi
1313,430.25,429,431,bronchi
1314,429.0,429,429,bronchi
1315,429.5,429,430,bronchi
1316,429.75,429,431,bronchi
1317,429.5,429,430,bronchi
1318,430.0,430,430,bronchi
1319,430.5,430,431,bronchi
1320,430.5,430,431,bronchi
1321,430.5,430,431,bronchi
1322,430.25,430,431,bronchi
1323,430.5,430,431,bronchi
1324,430.0,430,430,bronchi
1325,431.6,430,433,bronchi
1326,431.0,430,432,bronchi
1327,431.0,430,432,bronchi
1328,430.75,430,432,bronchi
1329,430.5,430,431,bronchi
1330,430.0,430,430,bronchi
1331,431.2,430,432,bronchi
1332,430.0,430,430,bronchi
1333,430.25,430,431,bronchi
1334,430.5,430,431,bronchi
1335,430.0,430,430,bronchi
1336,430.0,430,430,bronchi
1337,430.0,430,430,bronchi
1338,431.5,430,433,bronchi
1339,431.0,430,433,bronchi
1340,431.0,430,432,bronchi
1341,430.0,430,430,bronchi
1342,430.5,430,431,bronchi
1343,431.0,430,432,bronchi
1344,431.4,430,432,bronchi
1345,430.75,430,432,bronchi
1346,430.0,430,430,bronchi
1347,430.0,430,430,bronchi
1348,430.3333333333333,430,431,bronchi
1349,430.0,430,430,bronchi
1350,430.5,430,431,bronchi
1351,431.2,430,432,bronchi
1352,430.0,430,430,bronchi
1353,430.5,430,431,bronchi
1354,430.0,430,430,bronchi
1355,431.5,430,433,bronchi
1356,430.0,430,430,bronchi
1357,430.6666666666667,430,431,bronchi
1358,430.5,430,431,bronchi
1359,430.0,430,430,bronchi
1360,430.0,430,430,bronchi
1361,430.5,430,431,bronchi
1362,430.5,430,431,bronchi
1363,431.4,430,432,bronchi
1364,431.1666666666667,430,432,bronchi
1365,432.1666666666667,431,434,bronchi
1366,431.5,431,432,bronchi
1367,431.0,431,431,bronchi
1368,431.0,431,431,bronchi
1369,431.0,431,431,bronchi
1370,432.0,431,433,bronchi
1371,432.0,431,433,bronchi
1372,432.0,431,433,bronchi
1373,431.0,431,431,bronchi
1374,431.0,431,431,bronchi
1375,431.5,431,432,bronchi
1376,431.5,431,432,bronchi
1377,431.5,431,432,bronchi
1378,431.5,431,432,bronchi
1379,431.5,431,432,bronchi
1380,431.3333333333333,431,432,bronchi
1381,431.75,431,433,bronchi
1382,431.5,431,432,bronchi
1383,431.75,431,433,bronchi
1384,432.2,431,434,bronchi
1385,432.0,431,433,bronchi
1386,431.5,431,432,bronchi
1387,431.6,431,433,bronchi
1388,431.8,431,433,bronchi
1389,431.6666666666667,431,432,bronchi
1390,432.2,431,434,bronchi
1391,432.0,431,433,bronchi
1392,431.3333333333333,431,432,bronchi
1393,431.5,431,432,bronchi
1394,431.3333333333333,431,432,bronchi
1395,432.0,431,433,bronchi
1396,431.5,431,432,bronchi
1397,432.14285714285717,431,433,bronchi
1398,432.85714285714283,432,434,bronchi
1399,432.0,432,432,bronchi
1400,433.0,432,434,bronchi
1401,432.0,432,432,bronchi
1402,433.25,432,434,bronchi
1403,432.3333333333333,432,433,bronchi
1404,432.5,432,433,bronchi
1405,431.5,431,432,bronchi
1406,432.75,432,434,bronchi
1407,433.4,432,434,bronchi
1408,433.2,432,435,bronchi
1409,433.4,432,434,bronchi
1410,432.5,432,433,bronchi
1411,432.0,432,432,bronchi
1412,432.0,432,432,bronchi
1413,432.5,432,433,bronchi
1414,432.0,432,432,bronchi
1415,432.5,432,433,bronchi
1416,432.0,432,432,bronchi
1417,432.5,432,433,bronchi
1418,432.0,432,432,bronchi
1419,432.5,432,433,bronchi
1420,432.5,432,433,bronchi
1421,432.5,432,433,bronchi
1422,432.0,432,432,bronchi
1423,432.0,432,432,bronchi
1424,432.5,432,433,bronchi
1425,433.3333333333333,433,434,bronchi
1426,433.5,433,434,bronchi
1427,435.0,433,437,bronchi
1428,433.14285714285717,433,434,bronchi
1429,433.5,433,434,bronchi
1430,433.3333333333333,433,434,bronchi
1431,433.0,433,433,bronchi
1432,434.2857142857143,433,435,bronchi
1433,433.0,433,433,bronchi
1434,433.75,433,434,bronchi
1435,433.0,433,433,bronchi
1436,433.5,433,434,bronchi
1437,433.0,433,433,bronchi
1438,433.25,433,434,bronchi
1439,434.0,433,435,bronchi
1440,433.4,433,434,bronchi
1441,433.5,433,434,bronchi
1442,433.0,433,433,bronchi
1443,433.0,433,433,bronchi
1444,433.0,433,433,bronchi
1445,433.0,433,433,bronchi
1446,433.3333333333333,433,434,bronchi
1447,433.0,433,433,bronchi
1448,433.5,433,434,bronchi
1449,433.0,433,433,bronchi
1450,433.0,433,433,bronchi
1451,433.0,433,433,bronchi
1452,433.25,433,434,bronchi
1453,433.0,433,433,bronchi
1454,433.0,433,433,bronchi
1455,433.0,433,433,bronchi
1456,433.0,433,433,bronchi
1457,433.0,433,433,bronchi
1458,433.5,433,434,bronchi
1459,433.0,433,433,bronchi
1460,433.5,433,434,bronchi
1461,433.6666666666667,433,434,bronchi
1462,433.0,433,433,bronchi
1463,433.0,433,433,bronchi
1464,434.4,433,436,bronchi
1465,433.5,433,434,bronchi
1466,433.0,433,433,bronchi
1467,433.5,433,434,bronchi
1468,433.0,433,433,bronchi
1469,434.0,433,435,bronchi
1470,433.7142857142857,433,434,bronchi
1471,433.5,433,434,bronchi
1472,433.0,433,433,bronchi
1473,433.0,433,433,bronchi
1474,434.0,434,434,bronchi
1475,434.5,434,435,bronchi
1476,434.5,434,435,bronchi
1477,434.0,434,434,bronchi
1478,434.5,434,435,bronchi
1479,434.0,434,434,bronchi
1480,434.0,434,434,bronchi
1481,434.0,434,434,bronchi
1482,434.0,434,434,bronchi
1483,434.0,434,434,bronchi
1484,434.5,434,435,bronchi
1485,434.0,434,434,bronchi
1486,434.0,434,434,bronchi
1487,434.5,434,435,bronchi
1488,434.0,434,434,bronchi
1489,435.5,434,437,bronchi
1490,434.3333333333333,434,435,bronchi
1491,435.5,434,437,bronchi
1492,434.75,434,436,bronchi
1493,434.0,434,434,bronchi
1494,434.0,434,434,bronchi
1495,434.0,434,434,bronchi
1496,434.5,434,435,bronchi
1497,434.8333333333333,434,436,bronchi
1498,434.5,434,435,bronchi
1499,435.6666666666667,434,438,bronchi
1500,436.0,434,437,bronchi
1501,434.0,434,434,bronchi
1502,435.0,434,436,bronchi
1503,434.3333333333333,434,435,bronchi
1504,434.5,434,435,bronchi
1505,435.2,434,437,bronchi
1506,434.0,434,434,bronchi
1507,436.0,434,437,bronchi
1508,434.8333333333333,434,436,bronchi
1509,434.5,434,435,bronchi
1510,434.0,434,434,bronchi
1511,434.5,434,435,bronchi
1512,434.5,434,435,bronchi
1513,434.0,434,434,bronchi
1514,435.0,434,436,bronchi
1515,435.6666666666667,434,438,bronchi
1516,435.0,434,436,bronchi
1517,434.5,434,435,bronchi
1518,434.0,434,434,bronchi
1519,434.6666666666667,434,435,bronchi
1520,434.5,434,435,bronchi
1521,434.0,434,434,bronchi
1522,434.5,434,435,bronchi
1523,434.0,434,434,bronchi
1524,435.0,434,436,bronchi
1525,434.6666666666667,434,435,bronchi
1526,438.61538461538464,434,441,bronchi
1527,434.0,434,434,bronchi
1528,434.0,434,434,bronchi
1529,434.0,434,434,bronchi
1530,435.3333333333333,435,436,bronchi
1531,435.5,435,436,bronchi
1532,435.5,435,436,bronchi
1533,435.5,435,436,bronchi
1534,435.6666666666667,435,436,bronchi
1535,435.0,435,435,bronchi
1536,435.0,435,435,bronchi
1537,435.5,435,436,bronchi
1538,435.0,435,435,bronchi
1539,435.2,435,436,bronchi
1540,435.5,435,436,bronchi
1541,435.0,435,435,bronchi
1542,435.0,435,435,bronchi
1543,436.5,435,438,bronchi
1544,435.0,435,435,bronchi
1545,435.3333333333333,435,436,bronchi
1546,435.0,435,435,bronchi
1547,436.6666666666667,435,439,bronchi
1548,435.0,435,435,bronchi
1549,436.6666666666667,435,439,bronchi
1550,435.0,435,435,bronchi
1551,435.0,435,435,bronchi
1552,435.0,435,435,bronchi
1553,437.0,435,439,bronchi
1554,435.6666666666667,435,436,bronchi
1555,435.3333333333333,435,436,bronchi
1556,436.0,435,437,bronchi
1557,435.0,435,435,bronchi
1558,435.0,435,435,bronchi
1559,436.5,435,438,bronchi
1560,435.6666666666667,435,436,bronchi
1561,435.5,435,436,bronchi
1562,435.5,435,436,bronchi
1563,435.5,435,437,bronchi
1564,435.5,435,436,bronchi
1565,435.3333333333333,435,436,bronchi
1566,435.0,435,435,bronchi
1567,435.0,435,435,bronchi
1568,435.0,435,435,bronchi
1569,435.6666666666667,435,436,bronchi
1570,435.0,435,435,bronchi
1571,435.25,435,436,bronchi
1572,435.6666666666667,435,436,bronchi
1573,435.0,435,435,bronchi
1574,435.0,435,435,bronchi
1575,435.0,435,435,bronchi
1576,435.6666666666667,435,436,bronchi
1577,435.5,435,436,bronchi
1578,435.0,435,435,bronchi
1579,435.0,435,435,bronchi
1580,435.0,435,435,bronchi
1581,435.0,435,435,bronchi
1582,435.0,435,435,bronchi
1583,436.5,435,438,bronchi
1584,436.0,436,436,bronchi
1585,436.5,436,437,bronchi
1586,436.0,436,436,bronchi
1587,436.5,436,437,bronchi
1588,436.0,436,436,bronchi
1589,437.0,436,438,bronchi
1590,436.75,436,438,bronchi
1591,437.0,436,438,bronchi
1592,436.3333333333333,436,437,bronchi
1593,436.6666666666667,436,437,bronchi
1594,436.75,436,438,bronchi
1595,437.6,436,439,bronchi
1596,436.3333333333333,436,437,bronchi
1597,437.42857142857144,436,440,bronchi
1598,437.5,436,439,bronchi
1599,437.85714285714283,436,440,bronchi
1600,437.5,436,439,bronchi
1601,436.3333333333333,436,437,bronchi
1602,436.5,436,437,bronchi
1603,437.25,436,438,bronchi
1604,436.75,436,437,bronchi
1605,436.0,436,436,bronchi
1606,436.0,436,436,bronchi
1607,436.5,436,437,bronchi
1608,436.0,436,436,bronchi
1609,436.0,436,436,bronchi
1610,436.0,436,436,bronchi
1611,436.0,436,436,bronchi
1612,436.0,436,436,bronchi
1613,436.0,436,436,bronchi
1614,436.0,436,436,bronchi
1615,436.0,436,436,bronchi
1616,436.0,436,436,bronchi
1617,437.5,436,439,bronchi
1618,437.2,436,439,bronchi
1619,437.5,436,439,bronchi
1620,436.0,436,436,bronchi
1621,436.0,436,436,bronchi
1622,436.5,436,437,bronchi
1623,437.0,436,438,bronchi
1624,436.0,436,436,bronchi
1625,437.6,436,439,bronchi
1626,436.0,436,436,bronchi
1627,436.75,436,438,bronchi
1628,436.0,436,436,bronchi
1629,437.2,436,439,bronchi
1630,436.5,436,437,bronchi
1631,436.0,436,436,bronchi
1632,436.75,436,438,bronchi
1633,436.5,436,437,bronchi
1634,436.0,436,436,bronchi
1635,436.5,436,437,bronchi
1636,436.0,436,436,bronchi
1637,437.5,436,439,bronchi
1638,436.75,436,438,bronchi
1639,437.5,436,439,bronchi
1640,437.75,437,439,bronchi
1641,437.5,437,438,bronchi
1642,437.1666666666667,437,438,bronchi
1643,438.5,437,440,bronchi
1644,441.3157894736842,437,444,bronchi
1645,438.5,437,440,bronchi
1646,438.0,437,439,bronchi
1647,437.3333333333333,437,438,bronchi
1648,437.75,437,438,bronchi
1649,437.0,437,437,bronchi
1650,437.0,437,437,bronchi
1651,438.5,437,440,bronchi
1652,437.75,437,439,bronchi
1653,439.14285714285717,437,440,bronchi
1654,437.0,437,437,bronchi
1655,437.0,437,437,bronchi
1656,438.5,437,440,bronchi
1657,437.0,437,437,bronchi
1658,438.7142857142857,437,440,bronchi
1659,437.3333333333333,437,438,bronchi
1660,437.0,437,437,bronchi
1661,438.0,437,439,bronchi
1662,437.0,437,437,bronchi
1663,437.0,437,437,bronchi
1664,437.5,437,438,bronchi
1665,437.0,437,437,bronchi
1666,437.6666666666667,437,438,bronchi
1667,437.0,437,437,bronchi
1668,437.0,437,437,bronchi
1669,437.0,437,437,bronchi
1670,437.0,437,437,bronchi
1671,438.5,437,440,bronchi
1672,437.0,437,437,bronchi
1673,437.6666666666667,437,438,bronchi
1674,437.0,437,437,bronchi
1675,437.0,437,437,bronchi
1676,438.0,437,439,bronchi
1677,438.5,437,439,bronchi
1678,437.0,437,437,bronchi
1679,437.0,437,437,bronchi
1680,438.0,437,439,bronchi
1681,437.5,437,438,bronchi
1682,437.3333333333333,437,438,bronchi
1683,438.0,437,439,bronchi
1684,438.7142857142857,438,440,bronchi
1685,438.5,438,439,bronchi
1686,438.5,438,439,bronchi
1687,438.75,438,440,bronchi
1688,438.0,438,438,bronchi
1689,439.0,438,440,bronchi
1690,438.0,438,438,bronchi
1691,438.5,438,439,bronchi
1692,438.0,438,438,bronchi
1693,439.57142857142856,438,440,bronchi
1694,438.0,438,438,bronchi
1695,438.25,438,439,bronchi
1696,438.3333333333333,438,439,bronchi
1697,439.0,438,440,bronchi
1698,438.75,438,440,bronchi
1699,438.5,438,439,bronchi
1700,438.5,438,439,bronchi
1701,438.0,438,438,bronchi
1702,439.0,438,440,bronchi
1703,439.0,439,439,bronchi
1704,439.5,439,440,bronchi
1705,439.0,439,439,bronchi
1706,441.27272727272725,439,443,bronchi
1707,439.6666666666667,439,440,bronchi
1708,439.0,439,439,bronchi
1709,441.0,439,442,bronchi
1710,439.3333333333333,439,440,bronchi
1711,439.0,439,439,bronchi
1712,439.5,439,440,bronchi
1713,439.0,439,439,bronchi
1714,439.5,439,440,bronchi
1715,439.5,439,440,bronchi
1716,439.0,439,439,bronchi
1717,439.5,439,440,bronchi
1718,439.0,439,439,bronchi
1719,440.5,439,441,bronchi
1720,439.0,439,439,bronchi
1721,440.0,439,441,bronchi
1722,440.3333333333333,439,442,bronchi
1723,440.0,439,441,bronchi
1724,439.0,439,439,bronchi
1725,439.0,439,439,bronchi
1726,440.0,440,440,bronchi
1727,440.5,440,441,bronchi
1728,440.0,440,440,bronchi
1729,441.7142857142857,440,443,bronchi
1730,440.0,440,440,bronchi
1731,440.0,440,440,bronchi
1732,440.6666666666667,440,441,bronchi
1733,440.0,440,440,bronchi
1734,440.3333333333333,440,441,bronchi
1735,440.5,440,441,bronchi
1736,440.0,440,440,bronchi
1737,440.0,440,440,bronchi
1738,440.0,440,440,bronchi
1739,440.0,440,440,bronchi
1740,440.0,440,440,bronchi
1741,440.0,440,440,bronchi
1742,441.1818181818182,440,442,bronchi
1743,440.0,440,440,bronchi
1744,440.0,440,440,bronchi
1745,440.0,440,440,bronchi
1746,440.0,440,440,bronchi
1747,440.5,440,441,bronchi
1748,440.0,440,440,bronchi
1749,440.0,440,440,bronchi
1750,440.5,440,441,bronchi
1751,440.0,440,440,bronchi
1752,440.5,440,441,bronchi
1753,441.0,441,441,bronchi
1754,441.0,441,441,bronchi
1755,441.0,441,441,bronchi
1756,441.0,441,441,bronchi
1757,441.0,441,441,bronchi
1758,441.0,441,441,bronchi
1759,441.0,441,441,bronchi
1760,441.0,441,441,bronchi
1761,441.0,441,441,bronchi
1762,441.3333333333333,441,442,bronchi
1763,441.0,441,441,bronchi
1764,441.2,441,442,bronchi
1765,441.0,441,441,bronchi
1766,441.0,441,441,bronchi
1767,441.0,441,441,bronchi
1768,441.0,441,441,bronchi
1769,441.0,441,441,bronchi
1770,441.0,441,441,bronchi
1771,441.0,441,441,bronchi
1772,441.0,441,441,bronchi
1773,441.0,441,441,bronchi
1774,441.0,441,441,bronchi
1775,441.0,441,441,bronchi
1776,441.0,441,441,bronchi
1777,441.0,441,441,bronchi
1778,441.0,441,441,bronchi
1779,441.0,441,441,bronchi
1780,441.0,441,441,bronchi
1781,441.0,441,441,bronchi
1782,441.0,441,441,bronchi
1783,441.0,441,441,bronchi
1784,441.0,441,441,bronchi
1785,441.0,441,441,bronchi
1786,442.0,442,442,bronchi
1787,442.5,442,443,bronchi
1788,442.0,442,442,bronchi
1789,442.0,442,442,bronchi
1790,442.27272727272725,441,444,bronchi
1791,443.0,443,443,bronchi
1792,443.0,443,443,bronchi
1793,443.0,443,443,bronchi
1794,443.0,443,443,bronchi
1795,443.0,443,443,bronchi
1796,443.0,443,443,bronchi
1797,443.0,443,443,bronchi
1798,443.0,443,443,bronchi
1799,443.0,443,443,bronchi
1800,443.0,443,443,bronchi
1801,444.0,444,444,bronchi
1802,444.0,444,444,bronchi
